132628083625836545,losabiatodo,ES
208349331542118403,TommyJoeRatliff,EN
208406367466291200,DanityDaniel,EN
208409047634944000,MartinezJordy31,ES
208433538146643968,izreloaded,EN
208434196660756480,Humberto_CruzL,ES
208441184358637568,AlvaroCamposs,ES
208447697395531776,SKPCFanClub,EN
208448859540701185,TeamPriyanka,EN
208458326474891264,NataliePinkham,EN
208468740952690688,abideeeen,EN
208483190334164992,donettaazodebos,EN
208486076027899904,chiojaguar,EN
208500433369563136,sandryenergy,ES
208537531720024065,skywards47,ES
208540899737739264,redredmond,EN
208547786810077184,WebsiteDesignP,EN
208565526723706880,thenextgear,EN
208568494067957760,GarynHarp,EN
208581067479842818,__Jaguar,EN
208589935345811457,YoungFreeON,EN
208611305337257984,ClumsyHibz,EN
208611989013008384,murhill12,EN
208623275906056193,Selinexx,EN
208638241161748481,SoEssential,EN
208642065842708481,chica_jaguar,ES
208658176692862977,raulromero119,ES
208673318134480896,fredd_taylor,ES
208680142258716673,ayaxstevenin,ES
208696655229353984,AlexCantouch,ES
208703619816632320,AustinRivers25,EN
208710169281036288,XmasBeSwaggin,EN
208711398212112384,Nextstop_MARs,EN
208768126194679809,robertmendez9,ES
208794103436156929,NilsDamonTweets,EN
208838376563023872,KasfiaKona,EN
208889324794687488,jagxks,EN
208975429653102592,DebraWeissCC,EN
209000071856013312,_nahuelalvarez,ES
209025367049117697,alekszhul,EN
209063338083233793,alexdando4,EN
209124419707215872,kevphotoman,EN
209149694595702784,AliciaEllen70,EN
209166824116461568,PortiaNiicoLe,EN
209227151105462272,JaguarUK,EN
209235413573963776,abenitezgarcia,ES
209236562825842688,JaguarCarsMENA,EN
209320865207300096,FauxJohnMadden,EN
209322554459037696,Jacobey23,EN
209348879651573760,Jaguar_Sihle,EN
209355794293080064,_PeteCampbell,EN
209403034470592512,JaguarKash,EN
209419606459301889,guadalupebobad1,ES
209435712582451200,IrisLamie,EN
209438967370752000,mcgintyfan,EN
209452187795984386,LoyaltyISkey,EN
209471406101106689,IradRoqueni,ES
209556735009112064,CubittNathan,EN
209565501112860672,koborihiro,EN
209583968624971777,alexcherin1,EN
209644219088912385,LiteraryGary,EN
209645322908082177,ryanhallchi,EN
209647255152623616,CaptBNL,EN
209671583185375233,RNTata2000,EN
209675433829089280,jamesostafford,EN
209691552551936000,ArapRonoh,EN
209737944540516352,UofUFineArts,EN
209768396370354176,frhn,EN
209789363712835584,chacal_lachaise,ES
209803271236366338,aaronpaul_8,EN
209808108057395200,MsMiller,EN
209813854253875200,MrThomasJohnson,EN
209816941236461570,dhavalp9201,EN
209825405354524672,billhatfield,EN
209835559751913473,kyleorangio,EN
209845466702155776,cotiicampos,ES
209870066290925569,LandonDibble,EN
209903188705415168,juggalozac420,EN
209970972890107905,Helianajs,ES
209980045652000769,Martha_Bourke,EN
210011408908300288,DG_Jaguar,ES
210012041883303937,DG_Jaguar,ES
210012060283707392,Direct_Tire,EN
210012921567256576,DG_Jaguar,ES
210019710673240067,IbarraAgustin,ES
210023770763698177,ie7babec,EN
210026920673419265,waynerooneyworl,EN
210078711943405568,nkuderer,EN
210102307193487360,ZoeSaadia,EN
210108748516179969,FamilyTabby,EN
210115865100820482,sell_your_car,EN
210122328506507264,KsmIsLedge,EN
210142062727790594,lakarlacruz,EN
210162702897790976,Marcky_Marckk,EN
210192243359891456,LanePryceGhost,EN
210205107290255361,JRMcGrail,EN
210215717897895937,Azita,EN
210233688334675968,carlmesnerlyons,EN
210264679006744576,DPete4,EN
210270383264382976,Jag_MD5,EN
210288724964155393,AliasLeech,EN
210292365620019200,lucianoflj,EN
210362657956573184,Jus_shonda_,EN
210372808151273472,Certified_King1,EN
210380227908612096,haleyingersoll,EN
210389805480148992,ZoeSaadia,EN
210402708434321409,LiteraryGary,EN
210449467449679872,toymen2,EN
210461327238496257,mollygreene,EN
210462843106111488,imax982,EN
210464860574728193,AJoHurley,EN
210495362014773248,jimerihi,ES
210543683706175488,Wand_Erextion,EN
210552114664058880,luxuriousmag,EN
210569504227459074,RawSignalAutos,EN
210572859674865664,_Nick21,EN
210632871797473280,zhulaiide,ES
210635585486979072,nickjaguar,EN
210660067652018177,fysutivahum,EN
210718091653550080,sandosthe,EN
210809506500849664,TheRealSureshot,EN
210828842242289664,MarieMabel,EN
210875365495803904,glasgowbeer,EN
210880685861388289,HDSys,ES
210913760125255680,BWValleRealMty,ES
210916590944919553,Griphoo,ES
210921498616143872,tehanna86,EN
210946752528908290,Zeezmart,EN
210959574516248577,FannyVzquez,ES
210961143198523393,ErikaGarzaR,ES
210969921880997888,KenyMendez,ES
210983758868922368,wwwserena,EN
211003119784558592,RoberTrs12,ES
211014280835899392,philgatt,EN
211029938172727297,fuelcardexpert,EN
211076889182339072,frankiefriggs,EN
211082182402375680,OpenMinds2012,EN
211097814569205760,Panthera_Col,EN
211103736930639872,myqewizugawy,EN
211106110927683584,lordneil,EN
211106278695645186,tktgysmr,EN
211117217419493376,anitamuz,ES
211126222585987072,krocks_zpr,EN
211129691275411456,hysteriapolar,ES
211136020509499393,AfricaUnplugged,EN
211150487364440064,CassidyJonesAdv,EN
211158778782040065,EmilyWerner44,ES
211160905323515905,gameblaster64,EN
211168505402368000,TrueFlashwear,EN
211172854887231489,WhatThatMean2Me,EN
211215502570299393,sell_your_car,EN
211221227195482112,VintageMuskoka,EN
211304241464213504,iBartndr,ES
211305487336095745,KillaQuotes,EN
211344292868915200,edbaker1965,EN
211390421794951168,goonerdeybor,EN
211390757347659777,visuallnet,EN
211392325908299778,VillierStMotors,EN
211402111357956096,VdeVendetta,ES
211402652389605376,brendanbgranger,EN
211423602938097664,uqfalanyakffp,EN
211430267720699904,B1G_BURD,EN
211453738987171841,SheeWaruinge,EN
211464518377816064,CarkeysCoUk,EN
211495472366493700,Cheese215,EN
211505765180121088,DINGYUANJUN,EN
211520252310339584,BethanyAbbott,EN
211535938982133761,MomoHoneyG,EN
211567601803984896,MarketingTime,EN
211601399480451072,Hammers_Strings,EN
211653463376015363,MrBud2190,EN
211664116912369668,HugoFox_Cars,EN
211689056273317889,OmegaMusic444,EN
211732010123796480,soundloop,EN
211764448875130881,GarageWilms,EN
211785298751918081,ariihaveyour1up,ES
211792752034320385,clingycat,EN
211826730078437376,AleGodzi,ES
211870212423819266,ArceliaRojas1,ES
211875665035796481,omarg,EN
211892022817193985,MikaFD,EN
211926973956632576,nick_gadget,EN
211934297223995393,Hadzzz,ES
211952223654125568,Sammiez2,EN
211966903718125568,jatsfru,EN
211975871156858881,SMCNEFBA,EN
211985752937078786,sonny_co,ES
211999599383150593,carloscauce,ES
212015259878297601,SoyfuegoJrny,EN
212075077662031872,JaguarYuuCafe,ES
212078602223759361,HotinNYCity,ES
212082511323471873,krocks_zpr,EN
212106066559893504,BernyInglewood,EN
212124152377769985,Topgear_quotes,EN
212124504690933761,IskandarMo,EN
212144700285661184,classicdriver,EN
212147577573998593,Angel_Cebrian,ES
212156037480980480,auto123,EN
212167076910084097,Martis01,ES
212190724396040193,Ellie_Howe,EN
212197661774843904,CindyTrip,EN
212217614045421568,GoRfg,ES
212222513021861889,krWOODen,ES
212232306721693698,Jaguar_Sihle,EN
212237822206291968,MissRipep,EN
212248098276249601,odinvpole,EN
212248258402205696,pdparticle,EN
212250778402947072,fondeur27,EN
212253236302856193,BenderDrummer,EN
212257695288406016,PenelopeChilds,EN
212300367667535872,toconamexecam,EN
212356919468371968,AngaKing,EN
212364650073956352,npenny2012,EN
212372400657006592,Benassi2Gardner,EN
212398615044440066,itsqueenbea,EN
212460363579539458,SirVokez,EN
212464272708608000,1955_motor,ES
212473961529884672,Jaguar_Sihle,EN
212483751052181505,jgriffalo,EN
212498380784533504,AbrahamVIvian,EN
212543326912659456,flux_lemus,EN
212544270664613888,flux_lemus,EN
212583579669110784,EyesLikeDawn,EN
212587987895189504,charleswortht,EN
212594002501963776,downboxme,EN
212600306540871681,esopobr,EN
212613833162899457,JaguarYuuCafe,ES
212638827024625664,JarabeDeAmapola,ES
212681650876854272,jasperescu,EN
212684883401781250,jaguar_bape,ES
212703767433453569,FLA5HGORDON,EN
212724227252551680,YumiiYumYum,ES
212748013150535681,Brandon_Roe,EN
212787733222002689,OnTrackInt,EN
212823565177856000,Sundaygamecom,EN
212865512386985984,laurenchurcher,EN
212881102602379264,Leeanne_J,EN
212886946773614593,FastCompany,EN
212891143803904001,alitecarlito,ES
212926904410447873,brendajAH,ES
212937184670519296,CraigSkill,EN
212945556480335872,Smartinvest_Now,EN
212986861998710785,ErgoGea,ES
212993468031700992,ahpilot,EN
212994126541635586,SwaglessDean,EN
212994151694876673,BillyV333,EN
213021765620862977,Jaguar_Sihle,EN
213031548130312192,AmazingAmanda19,EN
213036849713778688,ScottEBales,EN
213043464127000576,vHenryk,EN
213050015625658368,Mikey_CEO,EN
213075881915195392,kristenhmarie,EN
213100494074290176,wadhah,EN
213100997407547392,reebazz,EN
213118613454983169,lowtech42,EN
213119947277213697,Amoon_3,EN
213132576305586176,AllGeneralNews,EN
213164281041129472,FreshfmPlaylist,EN
213177304376029184,AutoRetail,ES
213190759703252992,YaeelMats,ES
213213216015253504,mo_kemunto,EN
213225937326706688,Lilztaytayy,EN
213271311290597376,car_buzz,EN
213274540900495361,DirkStrauss,EN
213276466115391490,LfullerShanna,EN
213330859045027840,JC_Ubeda,ES
213356417921458178,asu_golf,EN
213357093196005377,4wheelsnews,EN
213369386705231873,Patrickmorty,EN
213374889632075777,quipsologies,EN
213398675542642688,SupernalDana,EN
213409807238037505,BrianJMcCormack,EN
213414139937292288,NoorNifel,EN
213420959867224064,sydnyshepard,EN
213477918523920384,AyoYouSeenTommy,EN
213491680022769666,DJSUAVE99,EN
213492363694313472,ytygujyheh,EN
213527526423789568,AyMaria_,ES
213551381779460096,rambo_db,EN
213561632641658880,KenyaCarBazaar,EN
213566565151547392,DSB555,EN
213587104637259776,MickeyJaguar101,EN
213714657632993281,captain_tiffany,ES
213760305552048128,DG_Jaguar,ES
213762304918032384,VeedubGeezer,EN
213797776159539200,JaguarStudios,ES
213824535819059201,morenithanice,ES
213827807355207680,unamita_72,ES
213868789891207169,BeauTechnique,EN
213873420423790592,mutairy,EN
213979607634935809,vannucchiM,ES
214026768380723203,R_Jaquelin,ES
214034389405925376,corelmotions,EN
214037472219373569,jpLANEauthor,EN
214053133767278592,_OGlena,EN
214063141372428288,Klkautsky,ES
214076638659477504,Kfpkelly,EN
214090182050324480,Ten2Eight,EN
214224307503640576,ayhinkaracuy,EN
214231597195608065,NaughtyReviews,EN
214232612242337793,ugefasawux,EN
214303043330654208,ZoeSaadia,EN
214342939189587969,chuy_beto,ES
214359347302637571,asrael_313rap,EN
214385591096315906,hisakoryamada,EN
214400317285089280,JaneRetton,EN
214422635185061888,jaclynym,EN
214466172027019264,tylermensah,EN
214671811034619904,iWonderflonium,ES
214730186699182080,ZoeSaadia,EN
214731809907417090,AlaaAlOmran,EN
214732799750569986,RunningFoolJosh,EN
214739586151223296,AdrianMelrose,EN
214747668545671168,joshbrech,EN
214748528377991169,juliesoulsby,EN
214749325329305600,Martha_Bourke,EN
214796353405059073,Martha_Bourke,EN
214804965670125570,Kibume39,ES
214823304454877184,blushngAMBITION,EN
214858742108401664,MikeCarsonJr,EN
214874776949374978,davidtomaloff,EN
214876895077072896,nigendasoft,ES
214910122332397568,AFNSecurity,EN
214911349451534338,AlisonDeLuca,EN
214938056397033472,magicandpranks,EN
214981404545654785,founddevers,EN
214989217095368704,Clive_SJohnson,EN
215032122061242371,ANGELA5159648,EN
215043799003566081,carpriceinIndia,EN
215061964534190080,IonaSayer,EN
215076649467785216,HassamHumor,EN
215098807325691904,Get_Best_Deals,EN
215107971863166976,frederickbrooke,EN
215109343404761089,AliDaneEventing,EN
215111071470600192,SadowskiEdward,EN
215111927096016897,tabbytracker,EN
215135121584553986,WURTH_USA,EN
215142075728011264,Ernestofr93,ES
215148757254287360,Alejandro01S,ES
215173496635002880,Charles_E_Wells,EN
215175605010956291,kjagradio,EN
215202964468539392,josigomero,ES
215220769289019392,BuyGuitarsus,EN
215230010666139650,AlleWells,EN
215243531764252673,ALBandRPshow,EN
215244324496097280,WebHosting26,EN
215293729215483905,yourfashionista,EN
215322841846005760,terencewinslow,EN
215323109899771904,Martha_Bourke,EN
215325643645259777,jawshewuhh,EN
215327065522708480,VntgBaublesnBit,EN
215329196229140480,santyro,EN
215334137110855680,JaguarCarsMENA,EN
215339459695226883,LoveNaijaJams,EN
215343775650820096,_BALLSD_,EN
215368394378199040,Martha_Bourke,EN
215368404603899905,tsccars,EN
215393165832765441,Nightingalecars,ES
215402634306260992,GodzillaSays,EN
215430450917810179,BAILII,EN
215442719756128257,taniaganguli,EN
215443120769339392,jaguars,EN
215452038996312064,DannyPiggott,EN
215491896317980674,JDPower,EN
215494254687027200,ACCACareers,EN
215495806952800257,cervezahacienda,ES
215509152854835201,SAAutoShow,EN
215536600363450368,nikkip101,EN
215537296634683393,smartguitars,EN
215538210967793664,Mil0sh_,EN
215572998520971265,LArcenCiel_LA,ES
215588794290806785,jagxks,EN
215629428691177473,Amandy__Turcios,ES
215645690011987968,Claudia2325,ES
215667542344212481,HDSys,ES
215698530831044609,HannesO_CARmag,EN
215736505082183680,Qoe_Goonette,EN
215770318881562624,NikhilKalhan92,EN
215791215604531200,iamlegaci,EN
215817731998621698,KentJaguar,EN
215821225837072388,myeeriecanal,EN
215821385224818689,Hamid_Yates,EN
215832902787809280,SarahMoore2012,EN
215859297555456003,mmagcars,EN
215879874777333760,daflu22,EN
215898854007111680,prettytoni23,EN
215900489789874176,PghVintageGP,EN
215923378102616064,ChelseaMkt,EN
215943368176439298,roy37643719,EN
215949345051250689,DG_Jaguar,ES
215957490372853760,leonocedo,EN
215978500383977473,_GodChoseLO,EN
215989950091493377,davaishsingh,EN
216029280109473792,Katheleen_Souza,EN
216031423398821888,mmagcars,EN
216099677282643969,chesssetsonline,EN
216300362137735168,PaulFMcNamee,EN
216564162904596482,MelChayse,EN
216576456430583808,ATSGcompany,EN
216620618257408002,carluggage,EN
216630416113799169,SWITTERmrossi,EN
216636514652798976,jamerrsoconnor,EN
216657737822646272,maldovato,EN
216672950559055872,Brewfan0419,EN
216751077851279360,aletzgo,EN
216761794297999360,javierantoniom9,ES
216769570562777088,AilicNanda,ES
216807130529931265,Miow45,EN
216873176041390080,stratstoneuk,EN
216939108528947201,McHypeMedia,EN
217007060427087874,FelineNutrition,ES
217012610523086848,martaRA6,ES
217022554186072064,FreeAutoShopper,EN
217027377652436992,Laurenquezada_,ES
217099599368818689,ArceliaRojas1,ES
217202287829991426,ntoniodominguez,ES
217227580183552000,autoblogeseco,ES
217255971427323907,kadypslon,EN
217259603673616384,DianeRapp,EN
217297419539460096,ViperSmartStart,EN
217298493272887296,qumelaee9,EN
217340513693605890,vic3pa,ES
217352784314511361,carlo_garciac,EN
217358301787205633,nataliablanco,ES
217361990040027137,jaguar_bape,ES
217394131792707584,MAAcomo,EN
217394807071453184,autosfan,EN
217449551127252993,Miniac04,EN
217493008315203584,Anri145,EN
217499857601036288,car2be,EN
217502426641596416,Bellax3Tiana,EN
217516588662931458,UKzedcars,EN
217605981880856577,m0nedaVenezuela,ES
217638944899207170,sojiorola,EN
217707714736955393,jandcautosalesi,EN
217724479663640578,iglezvc,ES
217724508705001472,GerberGeovany,ES
217727750927167488,diegowas2,ES
217741424354004992,ri77ualerokaoz,ES
217744561701781504,russellprue,EN
217746545574031361,MsHarleeQ,EN
217754338595061760,megworden,EN
217788597682716672,JennaCideNY,EN
217815562858930176,fgluna,ES
217840769350909952,0skaar_,EN
217846151918006272,PIMPGABE,EN
217875520640126977,manolopicotormo,ES
217895825064468480,marchettinocom,EN
217951403795161088,Martha_Bourke,EN
217956332098158592,MTECGroup,EN
217962006978904064,bongsi21,EN
217985558000058368,alfonso_ponte,ES
217992159834554368,rhysadams,EN
218009197093199872,TheStreet_Now,EN
218009293587357696,st4tic0,EN
218024384684765184,Km72000,EN
218034333569662979,maliyogames,EN
218065316872323073,Paul__Bee,EN
218065371423444994,GoDs_ToP_mOdEl,EN
218081133617876993,GeorgiMaeGrogan,EN
218129263377911810,Wilberth_Salas,ES
218129649140629504,caarolinneeee,EN
218262141319393280,ShimanoROAD,EN
218282065953689600,CHClassicCars,EN
218290551005519873,Adorimedia,EN
218320930340995073,AutoNewsEurope,EN
218331128170418176,DjCristiao,ES
218353653751365632,AliAbunimah,EN
218355709522354177,Certified_King1,EN
218359668936945664,PiggycodeUK,EN
218387171021828096,Chef_Boi_Negro,EN
218398378189533186,animiniac,EN
218399003124043776,RachelRach815,ES
218426714882179072,areyouworthit,EN
218429453775282177,TheoTheThird,EN
218434881221431297,carsnewsweek,EN
218435137073979392,luciep819,EN
218453348720975872,jillybean_94,EN
218518700163207169,matthew_napier,EN
218524748349579265,FlorettaEscada,EN
218544839736827904,j_a_conrad,EN
218571741356765184,mas_motores,ES
218582730429050880,CarDekho,EN
218616058221821952,barbotiin,ES
218637713547603968,gentetuning,ES
218650111910232065,HHElectronics,EN
218650149688324096,Nonwrestler,EN
218650387316621312,Cllr_KevinMaton,EN
218665391755501568,ElectricCarNWS,EN
218696161199005697,KdeuceK,EN
218711533327364099,anamontiel3,ES
218715232686714881,WeModify,EN
218723411579506688,reservasgays,ES
218728008515715074,cierrarasile,EN
218736833335533568,gonzalezmam,ES
218759889424617472,findcarsin,EN
218768923984789506,juliannaandris,EN
218777748783636480,jagxks,EN
218845227602030593,ItsOnlyMeAndYou,EN
218867276206706688,AeretereA,EN
218903627639701504,XavierYoung,EN
218905050104348672,bpch3ulzx0jx,EN
218911947897315329,soy1limon,ES
218939065892999172,SunshineRaiden,ES
218944996638859264,Mattfu72,EN
218970682560757761,Alisha815,EN
218979125707292673,helpowl,EN
218993004646641665,indog,EN
218999866481840129,thequotemaster,EN
219063606350848000,RO_TKOM,EN
219080241992314880,DrKenyattaCavil,EN
219082582422331395,heyyitzhay,EN
219098545926574080,DinoPozo,ES
219167978426613760,DjNickyP,EN
219184260710535169,365Daytonafan,EN
219189711095332866,DaniJob1,ES
219205014143504386,acpart,ES
219216934338707456,clmaas302,EN
219316308779601921,karunchandhok,EN
219318923059937280,noenoenoe3,ES
219343476523937792,Ta_Goodwine,EN
219377219678650369,jagxks,EN
219378972918685697,u93120,EN
219382663876837376,Auto_Showcase,EN
219409775874674689,beanieboamah,EN
219424955069251584,Zumba_Luma,EN
219439090737745921,JaguarKash,EN
219445939159572483,sonwer2,EN
219450116682158081,Supercars4Sale,ES
219450594837016576,InstaLive,EN
219489501213503488,JakeStewie,EN
219502759379079168,Improve_Fishing,EN
219524787893047297,beautyfullxo,EN
219536904859811840,PoundSeller,EN
219562729537671168,Rock_Toomes,EN
219563534877601792,amina42382620,EN
219578063950856192,leyend_96,ES
219587421405331456,finglynn,EN
219589640200519680,herrerafher,ES
219619667248021505,zrolkokova,EN
219647416738131968,rocelorio,ES
219670963585953793,MiraKolarBrown,EN
219699820397461504,el_seci,ES
219707516915941376,JoinTheWorldUK,ES
219710247428829185,ShanghaiCars,EN
219727066571096064,CraigBrophy,EN
219727263715966976,modassarn0,EN
219749980066414593,JaguarCarNews,EN
219776580329807872,MischiefForHire,EN
219780482802520064,ZoeSaadia,EN
219780913050042368,diegocarbo11,ES
219807821955473410,CFOperations,EN
219811443384647680,belizehub,EN
219820058501849089,pdm08,ES
219835820683694081,MischiefForHire,EN
219865772032409600,AndyBarkerPhoto,EN
219882616558592000,FiestaMexicana5,ES
219886152344276992,AlvaritoRL07,ES
219903550308876289,SomethingOrange,ES
219906125628321793,danielleplayle,EN
219936362365857793,NaptionUrbDaily,EN
220085625053913088,ahlstream,EN
220156538126467073,occulomency,EN
220169569862565888,NatchezFord,EN
220203703112712193,PepaTuMadre,ES
220224313901588482,GoodDudeDCole,EN
220225400222134273,LCTPT,EN
220225429599027201,FIGHTweets,EN
220225429607432193,Joshtheenemy,EN
220255225934655489,TheAndrewBrady,EN
220266746513326081,JoshFowler95,EN
220286418965110785,sr_wilkenfer,ES
220312234897838080,6Marianita,ES
220313635803774977,JaguaRock,ES
220313690321321985,ambervjudd,EN
220332093803204610,MG_WELLS,EN
220420988997865474,iRed_Dimplez,EN
220424855500242944,DespicableDav,ES
220432460440289281,Davevx1,EN
220479973507612673,BluebugSport,EN
220522428248498176,IndieKindle,EN
220540743557722115,momilp,EN
220555580052471808,soledadoterozap,ES
220567458296246273,nitinkhanna18,EN
220580066361475072,iPab12,ES
220599473406087169,juanrecinos4,ES
220628149090783233,IndieKindle,EN
220640049128153088,loliipop23,EN
220641381440421888,Javi_Yuste8,ES
220651671557111809,TARZAN_i,ES
220670302634512384,InfamousJunebug,EN
220702281291661312,driph,EN
220780052562976768,ZoeSaadia,EN
220846967687888896,bigantvideo,EN
220854155751866368,ramn_ortiz,ES
220855917355339776,ItsLuciee,EN
220871113125797888,JAGSKILLS,EN
220883716476649473,CarsFA,ES
220911611236450304,jaguar_bape,ES
220923642794614786,JacqueSaulnier,EN
220941187559858176,seatcoversnet,EN
220946166202892288,Stakegirl,EN
220949253223227392,jagxks,EN
220967519446503424,jaguar_pawe,EN
220979909378580480,jamesy666,EN
220985592958304256,HenryDawson_,EN
221013778643431424,CiudadBizarra,ES
221027191775965186,scottowenn,EN
221046133261221890,MonicaDeleanu,EN
221057340412145665,Daneel_Rakow,EN
221061652190203905,T0_0LEY,EN
221147037679362049,GoingGoingBike,EN
221164668469772288,RayCatlowArtist,EN
221219869700530176,JanaabGeo,EN
221245333332688896,JackSadler5,EN
221245547250581504,paddyboz,EN
221249556988440577,sell_your_car,EN
221257209139572737,JaguarUSA,EN
221258071412977664,SamsterGTi,EN
221280443847286784,jonesyspop,EN
221290711499280384,saltodeljaguar,ES
221321082471325697,SydneyWurth,EN
221352304861917184,CHClassicCars,EN
221354699801100289,hosteljaguar,ES
221358223033253890,EliteTravelerDG,EN
221386618467127297,MsMondegreen,EN
221479878803996672,KAMP_KAOS,EN
221482604317245440,DanAtSea,EN
221488296780509184,cassyzpcluff,EN
221607448543375360,jasminenoble96,EN
221616789266767873,HomeDesignJrnl,EN
221627141173952514,JaguarUSA,EN
221642011579650050,lopezdoriga1,ES
221669272605302784,UKCarNut,EN
221673722753449984,LisaLikesYellow,EN
221677828989648896,didixa_de_orton,ES
221687555563864065,ThisisZiGZAG,ES
221708468359413760,DBuschbeck,ES
221721768501583873,NaplesJaguar,EN
221734175252819968,Luciavs04,EN
221750176543547392,quantumfow,EN
221784125214953472,Monicara38,ES
221794237677707264,jtrivera967,ES
221847362736365568,TheChozenJuan,EN
221866992104255488,luismi_alfonzo,ES
221877922447896576,koldo50,ES
221923251822133249,GTspirit,EN
221974068478476288,WeirdAndRetro,EN
221986692528218113,ZoeSaadia,EN
221988611036422144,BurritoBrosShit,EN
222012995830693889,JoserraPR,ES
222081706914615298,russbez,EN
222092310098358272,RI6O,EN
222094201746231296,NickBe13,EN
222094558320799744,sickipediabot,EN
222123607999004672,diandra_riveros,ES
222163072205324290,MolieMonts,ES
222200447660863488,sandhiblue,EN
222210941784305665,Dat_senyo_boi,EN
222233532326617089,RemoteTint,EN
222343196607381505,jagxks,EN
222356656095363073,shabalinoo88,EN
222373149516369920,HilfigerExpress,EN
222373465271975936,Jaguar,EN
222378330438111232,IAMDEANDREJ,EN
222426633871695872,metagel,EN
222429909639905280,TaurusBone,EN
222444392563220480,Asom_97,EN
222766213003096064,SoWhat_UK,EN
222819753402703874,DJ_Illas,EN
222844105527525378,CuervoEspacial,ES
222870068265095168,FansdeJaguarU,ES
222870890352869376,FansdeJaguarU,ES
222872756847521792,ralgeyvoda,EN
222881145451319298,janetLovesfood,ES
222887181042188289,CaptMarvelous,ES
222958396113027072,mbilalsheikh,EN
222960884903976960,JaguarCarsMENA,EN
223000969573707776,mixanddie,ES
223012452332355585,JaguarColliers,EN
223084841795731456,oldcarmagazines,ES
223085445792268289,benja_aboytes,ES
223098620101144576,9tro,EN
223104471159406592,yudaseal,EN
223142169542795266,Payasa_Bella,EN
223195395273138176,Optimisticaa,ES
223200340382728193,Raque_Rachel,ES
223218895954255873,EmirBojTKD,ES
223229004222705665,qeminopi,EN
210011719941103617,DG_Jaguar,ES
210012979717083137,DG_Jaguar,ES
217386693026779137,ZoeSaadia,EN
211185899579506688,mollygreene,EN
210463312842997761,North_Group,EN
212228976431734784,DarcyDogg,ES
212247976297512960,Pogue,EN
212987633750642688,jacquesdacosta,EN
213036849697009664,MoneyMesh,EN
217789091973054464,ZoeSaadia,EN
215202008163024897,Clive_SJohnson,EN
220435115409539072,Davevx1,EN
222346184465989634,momilp,EN
222121334673653762,SwallowMySWOOSH,EN
